{"episode_id": 729, "content_type": "video/mp4", "encoder_version": {"backend": "ffmpeg", "version": "b'ffmpeg version 4.0.2 Copyright (c) 2000-2018 the FFmpeg developers\\r\\nbuilt with gcc 7.3.1 (GCC) 20180722\\r\\nconfiguration: --disable-static --enable-shared --enable-gpl --enable-version3 --enable-sdl2 --enable-bzlib --enable-fontconfig --enable-gnutls --enable-iconv --enable-libass --enable-libbluray --enable-libfreetype --enable-libmp3lame --enable-libopencore-amrnb --enable-libopencore-amrwb --enable-libopenjpeg --enable-libopus --enable-libshine --enable-libsnappy --enable-libsoxr --enable-libtheora --enable-libtwolame --enable-libvpx --enable-libwavpack --enable-libwebp --enable-libx264 --enable-libx265 --enable-libxml2 --enable-libzimg --enable-lzma --enable-zlib --enable-gmp --enable-libvidstab --enable-libvorbis --enable-libvo-amrwbenc --enable-libmysofa --enable-libspeex --enable-libxvid --enable-libaom --enable-libmfx --enable-amf --enable-ffnvcodec --enable-cuvid --enable-d3d11va --enable-nvenc --enable-nvdec --enable-dxva2 --enable-avisynth\\r\\nlibavutil      56. 14.100 / 56. 14.100\\r\\nlibavcodec     58. 18.100 / 58. 18.100\\r\\nlibavformat    58. 12.100 / 58. 12.100\\r\\nlibavdevice    58.  3.100 / 58.  3.100\\r\\nlibavfilter     7. 16.100 /  7. 16.100\\r\\nlibswscale      5.  1.100 /  5.  1.100\\r\\nlibswresample   3.  1.100 /  3.  1.100\\r\\nlibpostproc    55.  1.100 / 55.  1.100\\r\\n'", "cmdline": ["ffmpeg", "-nostats", "-loglevel", "error", "-y", "-r", "30", "-f", "rawvideo", "-s:v", "600x400", "-pix_fmt", "rgb24", "-i", "-", "-vf", "scale=trunc(iw/2)*2:trunc(ih/2)*2", "-vcodec", "libx264", "-pix_fmt", "yuv420p", "C:\\Users\\sacel\\OneDrive - ITESO\\Professional\\Artificial Intelligence\\Inteligencia Artificial\\Tema 02\\monitor_output\\openaigym.video.0.9084.video000729.mp4"]}}