,0
0,Acrobot-v1
1,Adventure-ram-v0
2,Adventure-ram-v4
3,Adventure-ramDeterministic-v0
4,Adventure-ramDeterministic-v4
5,Adventure-ramNoFrameskip-v0
6,Adventure-ramNoFrameskip-v4
7,Adventure-v0
8,Adventure-v4
9,AdventureDeterministic-v0
10,AdventureDeterministic-v4
11,AdventureNoFrameskip-v0
12,AdventureNoFrameskip-v4
13,AirRaid-ram-v0
14,AirRaid-ram-v4
15,AirRaid-ramDeterministic-v0
16,AirRaid-ramDeterministic-v4
17,AirRaid-ramNoFrameskip-v0
18,AirRaid-ramNoFrameskip-v4
19,AirRaid-v0
20,AirRaid-v4
21,AirRaidDeterministic-v0
22,AirRaidDeterministic-v4
23,AirRaidNoFrameskip-v0
24,AirRaidNoFrameskip-v4
25,Alien-ram-v0
26,Alien-ram-v4
27,Alien-ramDeterministic-v0
28,Alien-ramDeterministic-v4
29,Alien-ramNoFrameskip-v0
30,Alien-ramNoFrameskip-v4
31,Alien-v0
32,Alien-v4
33,AlienDeterministic-v0
34,AlienDeterministic-v4
35,AlienNoFrameskip-v0
36,AlienNoFrameskip-v4
37,Amidar-ram-v0
38,Amidar-ram-v4
39,Amidar-ramDeterministic-v0
40,Amidar-ramDeterministic-v4
41,Amidar-ramNoFrameskip-v0
42,Amidar-ramNoFrameskip-v4
43,Amidar-v0
44,Amidar-v4
45,AmidarDeterministic-v0
46,AmidarDeterministic-v4
47,AmidarNoFrameskip-v0
48,AmidarNoFrameskip-v4
49,Ant-v2
50,Ant-v3
51,Assault-ram-v0
52,Assault-ram-v4
53,Assault-ramDeterministic-v0
54,Assault-ramDeterministic-v4
55,Assault-ramNoFrameskip-v0
56,Assault-ramNoFrameskip-v4
57,Assault-v0
58,Assault-v4
59,AssaultDeterministic-v0
60,AssaultDeterministic-v4
61,AssaultNoFrameskip-v0
62,AssaultNoFrameskip-v4
63,Asterix-ram-v0
64,Asterix-ram-v4
65,Asterix-ramDeterministic-v0
66,Asterix-ramDeterministic-v4
67,Asterix-ramNoFrameskip-v0
68,Asterix-ramNoFrameskip-v4
69,Asterix-v0
70,Asterix-v4
71,AsterixDeterministic-v0
72,AsterixDeterministic-v4
73,AsterixNoFrameskip-v0
74,AsterixNoFrameskip-v4
75,Asteroids-ram-v0
76,Asteroids-ram-v4
77,Asteroids-ramDeterministic-v0
78,Asteroids-ramDeterministic-v4
79,Asteroids-ramNoFrameskip-v0
80,Asteroids-ramNoFrameskip-v4
81,Asteroids-v0
82,Asteroids-v4
83,AsteroidsDeterministic-v0
84,AsteroidsDeterministic-v4
85,AsteroidsNoFrameskip-v0
86,AsteroidsNoFrameskip-v4
87,Atlantis-ram-v0
88,Atlantis-ram-v4
89,Atlantis-ramDeterministic-v0
90,Atlantis-ramDeterministic-v4
91,Atlantis-ramNoFrameskip-v0
92,Atlantis-ramNoFrameskip-v4
93,Atlantis-v0
94,Atlantis-v4
95,AtlantisDeterministic-v0
96,AtlantisDeterministic-v4
97,AtlantisNoFrameskip-v0
98,AtlantisNoFrameskip-v4
99,BankHeist-ram-v0
100,BankHeist-ram-v4
101,BankHeist-ramDeterministic-v0
102,BankHeist-ramDeterministic-v4
103,BankHeist-ramNoFrameskip-v0
104,BankHeist-ramNoFrameskip-v4
105,BankHeist-v0
106,BankHeist-v4
107,BankHeistDeterministic-v0
108,BankHeistDeterministic-v4
109,BankHeistNoFrameskip-v0
110,BankHeistNoFrameskip-v4
111,BattleZone-ram-v0
112,BattleZone-ram-v4
113,BattleZone-ramDeterministic-v0
114,BattleZone-ramDeterministic-v4
115,BattleZone-ramNoFrameskip-v0
116,BattleZone-ramNoFrameskip-v4
117,BattleZone-v0
118,BattleZone-v4
119,BattleZoneDeterministic-v0
120,BattleZoneDeterministic-v4
121,BattleZoneNoFrameskip-v0
122,BattleZoneNoFrameskip-v4
123,BeamRider-ram-v0
124,BeamRider-ram-v4
125,BeamRider-ramDeterministic-v0
126,BeamRider-ramDeterministic-v4
127,BeamRider-ramNoFrameskip-v0
128,BeamRider-ramNoFrameskip-v4
129,BeamRider-v0
130,BeamRider-v4
131,BeamRiderDeterministic-v0
132,BeamRiderDeterministic-v4
133,BeamRiderNoFrameskip-v0
134,BeamRiderNoFrameskip-v4
135,Berzerk-ram-v0
136,Berzerk-ram-v4
137,Berzerk-ramDeterministic-v0
138,Berzerk-ramDeterministic-v4
139,Berzerk-ramNoFrameskip-v0
140,Berzerk-ramNoFrameskip-v4
141,Berzerk-v0
142,Berzerk-v4
143,BerzerkDeterministic-v0
144,BerzerkDeterministic-v4
145,BerzerkNoFrameskip-v0
146,BerzerkNoFrameskip-v4
147,BipedalWalker-v2
148,BipedalWalkerHardcore-v2
149,Blackjack-v0
150,Bowling-ram-v0
151,Bowling-ram-v4
152,Bowling-ramDeterministic-v0
153,Bowling-ramDeterministic-v4
154,Bowling-ramNoFrameskip-v0
155,Bowling-ramNoFrameskip-v4
156,Bowling-v0
157,Bowling-v4
158,BowlingDeterministic-v0
159,BowlingDeterministic-v4
160,BowlingNoFrameskip-v0
161,BowlingNoFrameskip-v4
162,Boxing-ram-v0
163,Boxing-ram-v4
164,Boxing-ramDeterministic-v0
165,Boxing-ramDeterministic-v4
166,Boxing-ramNoFrameskip-v0
167,Boxing-ramNoFrameskip-v4
168,Boxing-v0
169,Boxing-v4
170,BoxingDeterministic-v0
171,BoxingDeterministic-v4
172,BoxingNoFrameskip-v0
173,BoxingNoFrameskip-v4
174,Breakout-ram-v0
175,Breakout-ram-v4
176,Breakout-ramDeterministic-v0
177,Breakout-ramDeterministic-v4
178,Breakout-ramNoFrameskip-v0
179,Breakout-ramNoFrameskip-v4
180,Breakout-v0
181,Breakout-v4
182,BreakoutDeterministic-v0
183,BreakoutDeterministic-v4
184,BreakoutNoFrameskip-v0
185,BreakoutNoFrameskip-v4
186,CarRacing-v0
187,Carnival-ram-v0
188,Carnival-ram-v4
189,Carnival-ramDeterministic-v0
190,Carnival-ramDeterministic-v4
191,Carnival-ramNoFrameskip-v0
192,Carnival-ramNoFrameskip-v4
193,Carnival-v0
194,Carnival-v4
195,CarnivalDeterministic-v0
196,CarnivalDeterministic-v4
197,CarnivalNoFrameskip-v0
198,CarnivalNoFrameskip-v4
199,CartPole-v0
200,CartPole-v1
201,Centipede-ram-v0
202,Centipede-ram-v4
203,Centipede-ramDeterministic-v0
204,Centipede-ramDeterministic-v4
205,Centipede-ramNoFrameskip-v0
206,Centipede-ramNoFrameskip-v4
207,Centipede-v0
208,Centipede-v4
209,CentipedeDeterministic-v0
210,CentipedeDeterministic-v4
211,CentipedeNoFrameskip-v0
212,CentipedeNoFrameskip-v4
213,ChopperCommand-ram-v0
214,ChopperCommand-ram-v4
215,ChopperCommand-ramDeterministic-v0
216,ChopperCommand-ramDeterministic-v4
217,ChopperCommand-ramNoFrameskip-v0
218,ChopperCommand-ramNoFrameskip-v4
219,ChopperCommand-v0
220,ChopperCommand-v4
221,ChopperCommandDeterministic-v0
222,ChopperCommandDeterministic-v4
223,ChopperCommandNoFrameskip-v0
224,ChopperCommandNoFrameskip-v4
225,CliffWalking-v0
226,Copy-v0
227,CrazyClimber-ram-v0
228,CrazyClimber-ram-v4
229,CrazyClimber-ramDeterministic-v0
230,CrazyClimber-ramDeterministic-v4
231,CrazyClimber-ramNoFrameskip-v0
232,CrazyClimber-ramNoFrameskip-v4
233,CrazyClimber-v0
234,CrazyClimber-v4
235,CrazyClimberDeterministic-v0
236,CrazyClimberDeterministic-v4
237,CrazyClimberNoFrameskip-v0
238,CrazyClimberNoFrameskip-v4
239,CubeCrash-v0
240,CubeCrashScreenBecomesBlack-v0
241,CubeCrashSparse-v0
242,Defender-ram-v0
243,Defender-ram-v4
244,Defender-ramDeterministic-v0
245,Defender-ramDeterministic-v4
246,Defender-ramNoFrameskip-v0
247,Defender-ramNoFrameskip-v4
248,Defender-v0
249,Defender-v4
250,DefenderDeterministic-v0
251,DefenderDeterministic-v4
252,DefenderNoFrameskip-v0
253,DefenderNoFrameskip-v4
254,DemonAttack-ram-v0
255,DemonAttack-ram-v4
256,DemonAttack-ramDeterministic-v0
257,DemonAttack-ramDeterministic-v4
258,DemonAttack-ramNoFrameskip-v0
259,DemonAttack-ramNoFrameskip-v4
260,DemonAttack-v0
261,DemonAttack-v4
262,DemonAttackDeterministic-v0
263,DemonAttackDeterministic-v4
264,DemonAttackNoFrameskip-v0
265,DemonAttackNoFrameskip-v4
266,DoubleDunk-ram-v0
267,DoubleDunk-ram-v4
268,DoubleDunk-ramDeterministic-v0
269,DoubleDunk-ramDeterministic-v4
270,DoubleDunk-ramNoFrameskip-v0
271,DoubleDunk-ramNoFrameskip-v4
272,DoubleDunk-v0
273,DoubleDunk-v4
274,DoubleDunkDeterministic-v0
275,DoubleDunkDeterministic-v4
276,DoubleDunkNoFrameskip-v0
277,DoubleDunkNoFrameskip-v4
278,DuplicatedInput-v0
279,ElevatorAction-ram-v0
280,ElevatorAction-ram-v4
281,ElevatorAction-ramDeterministic-v0
282,ElevatorAction-ramDeterministic-v4
283,ElevatorAction-ramNoFrameskip-v0
284,ElevatorAction-ramNoFrameskip-v4
285,ElevatorAction-v0
286,ElevatorAction-v4
287,ElevatorActionDeterministic-v0
288,ElevatorActionDeterministic-v4
289,ElevatorActionNoFrameskip-v0
290,ElevatorActionNoFrameskip-v4
291,Enduro-ram-v0
292,Enduro-ram-v4
293,Enduro-ramDeterministic-v0
294,Enduro-ramDeterministic-v4
295,Enduro-ramNoFrameskip-v0
296,Enduro-ramNoFrameskip-v4
297,Enduro-v0
298,Enduro-v4
299,EnduroDeterministic-v0
300,EnduroDeterministic-v4
301,EnduroNoFrameskip-v0
302,EnduroNoFrameskip-v4
303,FetchPickAndPlace-v1
304,FetchPickAndPlaceDense-v1
305,FetchPush-v1
306,FetchPushDense-v1
307,FetchReach-v1
308,FetchReachDense-v1
309,FetchSlide-v1
310,FetchSlideDense-v1
311,FishingDerby-ram-v0
312,FishingDerby-ram-v4
313,FishingDerby-ramDeterministic-v0
314,FishingDerby-ramDeterministic-v4
315,FishingDerby-ramNoFrameskip-v0
316,FishingDerby-ramNoFrameskip-v4
317,FishingDerby-v0
318,FishingDerby-v4
319,FishingDerbyDeterministic-v0
320,FishingDerbyDeterministic-v4
321,FishingDerbyNoFrameskip-v0
322,FishingDerbyNoFrameskip-v4
323,Freeway-ram-v0
324,Freeway-ram-v4
325,Freeway-ramDeterministic-v0
326,Freeway-ramDeterministic-v4
327,Freeway-ramNoFrameskip-v0
328,Freeway-ramNoFrameskip-v4
329,Freeway-v0
330,Freeway-v4
331,FreewayDeterministic-v0
332,FreewayDeterministic-v4
333,FreewayNoFrameskip-v0
334,FreewayNoFrameskip-v4
335,Frostbite-ram-v0
336,Frostbite-ram-v4
337,Frostbite-ramDeterministic-v0
338,Frostbite-ramDeterministic-v4
339,Frostbite-ramNoFrameskip-v0
340,Frostbite-ramNoFrameskip-v4
341,Frostbite-v0
342,Frostbite-v4
343,FrostbiteDeterministic-v0
344,FrostbiteDeterministic-v4
345,FrostbiteNoFrameskip-v0
346,FrostbiteNoFrameskip-v4
347,FrozenLake-v0
348,FrozenLake8x8-v0
349,Gopher-ram-v0
350,Gopher-ram-v4
351,Gopher-ramDeterministic-v0
352,Gopher-ramDeterministic-v4
353,Gopher-ramNoFrameskip-v0
354,Gopher-ramNoFrameskip-v4
355,Gopher-v0
356,Gopher-v4
357,GopherDeterministic-v0
358,GopherDeterministic-v4
359,GopherNoFrameskip-v0
360,GopherNoFrameskip-v4
361,Gravitar-ram-v0
362,Gravitar-ram-v4
363,Gravitar-ramDeterministic-v0
364,Gravitar-ramDeterministic-v4
365,Gravitar-ramNoFrameskip-v0
366,Gravitar-ramNoFrameskip-v4
367,Gravitar-v0
368,Gravitar-v4
369,GravitarDeterministic-v0
370,GravitarDeterministic-v4
371,GravitarNoFrameskip-v0
372,GravitarNoFrameskip-v4
373,GuessingGame-v0
374,HalfCheetah-v2
375,HalfCheetah-v3
376,HandManipulateBlock-v0
377,HandManipulateBlockDense-v0
378,HandManipulateBlockFull-v0
379,HandManipulateBlockFullDense-v0
380,HandManipulateBlockRotateParallel-v0
381,HandManipulateBlockRotateParallelDense-v0
382,HandManipulateBlockRotateParallelTouchSensors-v0
383,HandManipulateBlockRotateParallelTouchSensors-v1
384,HandManipulateBlockRotateParallelTouchSensorsDense-v0
385,HandManipulateBlockRotateParallelTouchSensorsDense-v1
386,HandManipulateBlockRotateXYZ-v0
387,HandManipulateBlockRotateXYZDense-v0
388,HandManipulateBlockRotateXYZTouchSensors-v0
389,HandManipulateBlockRotateXYZTouchSensors-v1
390,HandManipulateBlockRotateXYZTouchSensorsDense-v0
391,HandManipulateBlockRotateXYZTouchSensorsDense-v1
392,HandManipulateBlockRotateZ-v0
393,HandManipulateBlockRotateZDense-v0
394,HandManipulateBlockRotateZTouchSensors-v0
395,HandManipulateBlockRotateZTouchSensors-v1
396,HandManipulateBlockRotateZTouchSensorsDense-v0
397,HandManipulateBlockRotateZTouchSensorsDense-v1
398,HandManipulateBlockTouchSensors-v0
399,HandManipulateBlockTouchSensors-v1
400,HandManipulateBlockTouchSensorsDense-v0
401,HandManipulateBlockTouchSensorsDense-v1
402,HandManipulateEgg-v0
403,HandManipulateEggDense-v0
404,HandManipulateEggFull-v0
405,HandManipulateEggFullDense-v0
406,HandManipulateEggRotate-v0
407,HandManipulateEggRotateDense-v0
408,HandManipulateEggRotateTouchSensors-v0
409,HandManipulateEggRotateTouchSensors-v1
410,HandManipulateEggRotateTouchSensorsDense-v0
411,HandManipulateEggRotateTouchSensorsDense-v1
412,HandManipulateEggTouchSensors-v0
413,HandManipulateEggTouchSensors-v1
414,HandManipulateEggTouchSensorsDense-v0
415,HandManipulateEggTouchSensorsDense-v1
416,HandManipulatePen-v0
417,HandManipulatePenDense-v0
418,HandManipulatePenFull-v0
419,HandManipulatePenFullDense-v0
420,HandManipulatePenRotate-v0
421,HandManipulatePenRotateDense-v0
422,HandManipulatePenRotateTouchSensors-v0
423,HandManipulatePenRotateTouchSensors-v1
424,HandManipulatePenRotateTouchSensorsDense-v0
425,HandManipulatePenRotateTouchSensorsDense-v1
426,HandManipulatePenTouchSensors-v0
427,HandManipulatePenTouchSensors-v1
428,HandManipulatePenTouchSensorsDense-v0
429,HandManipulatePenTouchSensorsDense-v1
430,HandReach-v0
431,HandReachDense-v0
432,Hero-ram-v0
433,Hero-ram-v4
434,Hero-ramDeterministic-v0
435,Hero-ramDeterministic-v4
436,Hero-ramNoFrameskip-v0
437,Hero-ramNoFrameskip-v4
438,Hero-v0
439,Hero-v4
440,HeroDeterministic-v0
441,HeroDeterministic-v4
442,HeroNoFrameskip-v0
443,HeroNoFrameskip-v4
444,Hopper-v2
445,Hopper-v3
446,HotterColder-v0
447,Humanoid-v2
448,Humanoid-v3
449,HumanoidStandup-v2
450,IceHockey-ram-v0
451,IceHockey-ram-v4
452,IceHockey-ramDeterministic-v0
453,IceHockey-ramDeterministic-v4
454,IceHockey-ramNoFrameskip-v0
455,IceHockey-ramNoFrameskip-v4
456,IceHockey-v0
457,IceHockey-v4
458,IceHockeyDeterministic-v0
459,IceHockeyDeterministic-v4
460,IceHockeyNoFrameskip-v0
461,IceHockeyNoFrameskip-v4
462,InvertedDoublePendulum-v2
463,InvertedPendulum-v2
464,Jamesbond-ram-v0
465,Jamesbond-ram-v4
466,Jamesbond-ramDeterministic-v0
467,Jamesbond-ramDeterministic-v4
468,Jamesbond-ramNoFrameskip-v0
469,Jamesbond-ramNoFrameskip-v4
470,Jamesbond-v0
471,Jamesbond-v4
472,JamesbondDeterministic-v0
473,JamesbondDeterministic-v4
474,JamesbondNoFrameskip-v0
475,JamesbondNoFrameskip-v4
476,JourneyEscape-ram-v0
477,JourneyEscape-ram-v4
478,JourneyEscape-ramDeterministic-v0
479,JourneyEscape-ramDeterministic-v4
480,JourneyEscape-ramNoFrameskip-v0
481,JourneyEscape-ramNoFrameskip-v4
482,JourneyEscape-v0
483,JourneyEscape-v4
484,JourneyEscapeDeterministic-v0
485,JourneyEscapeDeterministic-v4
486,JourneyEscapeNoFrameskip-v0
487,JourneyEscapeNoFrameskip-v4
488,Kangaroo-ram-v0
489,Kangaroo-ram-v4
490,Kangaroo-ramDeterministic-v0
491,Kangaroo-ramDeterministic-v4
492,Kangaroo-ramNoFrameskip-v0
493,Kangaroo-ramNoFrameskip-v4
494,Kangaroo-v0
495,Kangaroo-v4
496,KangarooDeterministic-v0
497,KangarooDeterministic-v4
498,KangarooNoFrameskip-v0
499,KangarooNoFrameskip-v4
500,KellyCoinflip-v0
501,KellyCoinflipGeneralized-v0
502,Krull-ram-v0
503,Krull-ram-v4
504,Krull-ramDeterministic-v0
505,Krull-ramDeterministic-v4
506,Krull-ramNoFrameskip-v0
507,Krull-ramNoFrameskip-v4
508,Krull-v0
509,Krull-v4
510,KrullDeterministic-v0
511,KrullDeterministic-v4
512,KrullNoFrameskip-v0
513,KrullNoFrameskip-v4
514,KungFuMaster-ram-v0
515,KungFuMaster-ram-v4
516,KungFuMaster-ramDeterministic-v0
517,KungFuMaster-ramDeterministic-v4
518,KungFuMaster-ramNoFrameskip-v0
519,KungFuMaster-ramNoFrameskip-v4
520,KungFuMaster-v0
521,KungFuMaster-v4
522,KungFuMasterDeterministic-v0
523,KungFuMasterDeterministic-v4
524,KungFuMasterNoFrameskip-v0
525,KungFuMasterNoFrameskip-v4
526,LunarLander-v2
527,LunarLanderContinuous-v2
528,MemorizeDigits-v0
529,MontezumaRevenge-ram-v0
530,MontezumaRevenge-ram-v4
531,MontezumaRevenge-ramDeterministic-v0
532,MontezumaRevenge-ramDeterministic-v4
533,MontezumaRevenge-ramNoFrameskip-v0
534,MontezumaRevenge-ramNoFrameskip-v4
535,MontezumaRevenge-v0
536,MontezumaRevenge-v4
537,MontezumaRevengeDeterministic-v0
538,MontezumaRevengeDeterministic-v4
539,MontezumaRevengeNoFrameskip-v0
540,MontezumaRevengeNoFrameskip-v4
541,MountainCar-v0
542,MountainCarContinuous-v0
543,MsPacman-ram-v0
544,MsPacman-ram-v4
545,MsPacman-ramDeterministic-v0
546,MsPacman-ramDeterministic-v4
547,MsPacman-ramNoFrameskip-v0
548,MsPacman-ramNoFrameskip-v4
549,MsPacman-v0
550,MsPacman-v4
551,MsPacmanDeterministic-v0
552,MsPacmanDeterministic-v4
553,MsPacmanNoFrameskip-v0
554,MsPacmanNoFrameskip-v4
555,NChain-v0
556,NameThisGame-ram-v0
557,NameThisGame-ram-v4
558,NameThisGame-ramDeterministic-v0
559,NameThisGame-ramDeterministic-v4
560,NameThisGame-ramNoFrameskip-v0
561,NameThisGame-ramNoFrameskip-v4
562,NameThisGame-v0
563,NameThisGame-v4
564,NameThisGameDeterministic-v0
565,NameThisGameDeterministic-v4
566,NameThisGameNoFrameskip-v0
567,NameThisGameNoFrameskip-v4
568,Pendulum-v0
569,Phoenix-ram-v0
570,Phoenix-ram-v4
571,Phoenix-ramDeterministic-v0
572,Phoenix-ramDeterministic-v4
573,Phoenix-ramNoFrameskip-v0
574,Phoenix-ramNoFrameskip-v4
575,Phoenix-v0
576,Phoenix-v4
577,PhoenixDeterministic-v0
578,PhoenixDeterministic-v4
579,PhoenixNoFrameskip-v0
580,PhoenixNoFrameskip-v4
581,Pitfall-ram-v0
582,Pitfall-ram-v4
583,Pitfall-ramDeterministic-v0
584,Pitfall-ramDeterministic-v4
585,Pitfall-ramNoFrameskip-v0
586,Pitfall-ramNoFrameskip-v4
587,Pitfall-v0
588,Pitfall-v4
589,PitfallDeterministic-v0
590,PitfallDeterministic-v4
591,PitfallNoFrameskip-v0
592,PitfallNoFrameskip-v4
593,Pong-ram-v0
594,Pong-ram-v4
595,Pong-ramDeterministic-v0
596,Pong-ramDeterministic-v4
597,Pong-ramNoFrameskip-v0
598,Pong-ramNoFrameskip-v4
599,Pong-v0
600,Pong-v4
601,PongDeterministic-v0
602,PongDeterministic-v4
603,PongNoFrameskip-v0
604,PongNoFrameskip-v4
605,Pooyan-ram-v0
606,Pooyan-ram-v4
607,Pooyan-ramDeterministic-v0
608,Pooyan-ramDeterministic-v4
609,Pooyan-ramNoFrameskip-v0
610,Pooyan-ramNoFrameskip-v4
611,Pooyan-v0
612,Pooyan-v4
613,PooyanDeterministic-v0
614,PooyanDeterministic-v4
615,PooyanNoFrameskip-v0
616,PooyanNoFrameskip-v4
617,PrivateEye-ram-v0
618,PrivateEye-ram-v4
619,PrivateEye-ramDeterministic-v0
620,PrivateEye-ramDeterministic-v4
621,PrivateEye-ramNoFrameskip-v0
622,PrivateEye-ramNoFrameskip-v4
623,PrivateEye-v0
624,PrivateEye-v4
625,PrivateEyeDeterministic-v0
626,PrivateEyeDeterministic-v4
627,PrivateEyeNoFrameskip-v0
628,PrivateEyeNoFrameskip-v4
629,Pusher-v2
630,Qbert-ram-v0
631,Qbert-ram-v4
632,Qbert-ramDeterministic-v0
633,Qbert-ramDeterministic-v4
634,Qbert-ramNoFrameskip-v0
635,Qbert-ramNoFrameskip-v4
636,Qbert-v0
637,Qbert-v4
638,QbertDeterministic-v0
639,QbertDeterministic-v4
640,QbertNoFrameskip-v0
641,QbertNoFrameskip-v4
642,Reacher-v2
643,RepeatCopy-v0
644,Reverse-v0
645,ReversedAddition-v0
646,ReversedAddition3-v0
647,Riverraid-ram-v0
648,Riverraid-ram-v4
649,Riverraid-ramDeterministic-v0
650,Riverraid-ramDeterministic-v4
651,Riverraid-ramNoFrameskip-v0
652,Riverraid-ramNoFrameskip-v4
653,Riverraid-v0
654,Riverraid-v4
655,RiverraidDeterministic-v0
656,RiverraidDeterministic-v4
657,RiverraidNoFrameskip-v0
658,RiverraidNoFrameskip-v4
659,RoadRunner-ram-v0
660,RoadRunner-ram-v4
661,RoadRunner-ramDeterministic-v0
662,RoadRunner-ramDeterministic-v4
663,RoadRunner-ramNoFrameskip-v0
664,RoadRunner-ramNoFrameskip-v4
665,RoadRunner-v0
666,RoadRunner-v4
667,RoadRunnerDeterministic-v0
668,RoadRunnerDeterministic-v4
669,RoadRunnerNoFrameskip-v0
670,RoadRunnerNoFrameskip-v4
671,Robotank-ram-v0
672,Robotank-ram-v4
673,Robotank-ramDeterministic-v0
674,Robotank-ramDeterministic-v4
675,Robotank-ramNoFrameskip-v0
676,Robotank-ramNoFrameskip-v4
677,Robotank-v0
678,Robotank-v4
679,RobotankDeterministic-v0
680,RobotankDeterministic-v4
681,RobotankNoFrameskip-v0
682,RobotankNoFrameskip-v4
683,Roulette-v0
684,Seaquest-ram-v0
685,Seaquest-ram-v4
686,Seaquest-ramDeterministic-v0
687,Seaquest-ramDeterministic-v4
688,Seaquest-ramNoFrameskip-v0
689,Seaquest-ramNoFrameskip-v4
690,Seaquest-v0
691,Seaquest-v4
692,SeaquestDeterministic-v0
693,SeaquestDeterministic-v4
694,SeaquestNoFrameskip-v0
695,SeaquestNoFrameskip-v4
696,Skiing-ram-v0
697,Skiing-ram-v4
698,Skiing-ramDeterministic-v0
699,Skiing-ramDeterministic-v4
700,Skiing-ramNoFrameskip-v0
701,Skiing-ramNoFrameskip-v4
702,Skiing-v0
703,Skiing-v4
704,SkiingDeterministic-v0
705,SkiingDeterministic-v4
706,SkiingNoFrameskip-v0
707,SkiingNoFrameskip-v4
708,Solaris-ram-v0
709,Solaris-ram-v4
710,Solaris-ramDeterministic-v0
711,Solaris-ramDeterministic-v4
712,Solaris-ramNoFrameskip-v0
713,Solaris-ramNoFrameskip-v4
714,Solaris-v0
715,Solaris-v4
716,SolarisDeterministic-v0
717,SolarisDeterministic-v4
718,SolarisNoFrameskip-v0
719,SolarisNoFrameskip-v4
720,SpaceInvaders-ram-v0
721,SpaceInvaders-ram-v4
722,SpaceInvaders-ramDeterministic-v0
723,SpaceInvaders-ramDeterministic-v4
724,SpaceInvaders-ramNoFrameskip-v0
725,SpaceInvaders-ramNoFrameskip-v4
726,SpaceInvaders-v0
727,SpaceInvaders-v4
728,SpaceInvadersDeterministic-v0
729,SpaceInvadersDeterministic-v4
730,SpaceInvadersNoFrameskip-v0
731,SpaceInvadersNoFrameskip-v4
732,StarGunner-ram-v0
733,StarGunner-ram-v4
734,StarGunner-ramDeterministic-v0
735,StarGunner-ramDeterministic-v4
736,StarGunner-ramNoFrameskip-v0
737,StarGunner-ramNoFrameskip-v4
738,StarGunner-v0
739,StarGunner-v4
740,StarGunnerDeterministic-v0
741,StarGunnerDeterministic-v4
742,StarGunnerNoFrameskip-v0
743,StarGunnerNoFrameskip-v4
744,Striker-v2
745,Swimmer-v2
746,Swimmer-v3
747,Taxi-v2
748,Tennis-ram-v0
749,Tennis-ram-v4
750,Tennis-ramDeterministic-v0
751,Tennis-ramDeterministic-v4
752,Tennis-ramNoFrameskip-v0
753,Tennis-ramNoFrameskip-v4
754,Tennis-v0
755,Tennis-v4
756,TennisDeterministic-v0
757,TennisDeterministic-v4
758,TennisNoFrameskip-v0
759,TennisNoFrameskip-v4
760,Thrower-v2
761,TimePilot-ram-v0
762,TimePilot-ram-v4
763,TimePilot-ramDeterministic-v0
764,TimePilot-ramDeterministic-v4
765,TimePilot-ramNoFrameskip-v0
766,TimePilot-ramNoFrameskip-v4
767,TimePilot-v0
768,TimePilot-v4
769,TimePilotDeterministic-v0
770,TimePilotDeterministic-v4
771,TimePilotNoFrameskip-v0
772,TimePilotNoFrameskip-v4
773,Tutankham-ram-v0
774,Tutankham-ram-v4
775,Tutankham-ramDeterministic-v0
776,Tutankham-ramDeterministic-v4
777,Tutankham-ramNoFrameskip-v0
778,Tutankham-ramNoFrameskip-v4
779,Tutankham-v0
780,Tutankham-v4
781,TutankhamDeterministic-v0
782,TutankhamDeterministic-v4
783,TutankhamNoFrameskip-v0
784,TutankhamNoFrameskip-v4
785,UpNDown-ram-v0
786,UpNDown-ram-v4
787,UpNDown-ramDeterministic-v0
788,UpNDown-ramDeterministic-v4
789,UpNDown-ramNoFrameskip-v0
790,UpNDown-ramNoFrameskip-v4
791,UpNDown-v0
792,UpNDown-v4
793,UpNDownDeterministic-v0
794,UpNDownDeterministic-v4
795,UpNDownNoFrameskip-v0
796,UpNDownNoFrameskip-v4
797,Venture-ram-v0
798,Venture-ram-v4
799,Venture-ramDeterministic-v0
800,Venture-ramDeterministic-v4
801,Venture-ramNoFrameskip-v0
802,Venture-ramNoFrameskip-v4
803,Venture-v0
804,Venture-v4
805,VentureDeterministic-v0
806,VentureDeterministic-v4
807,VentureNoFrameskip-v0
808,VentureNoFrameskip-v4
809,VideoPinball-ram-v0
810,VideoPinball-ram-v4
811,VideoPinball-ramDeterministic-v0
812,VideoPinball-ramDeterministic-v4
813,VideoPinball-ramNoFrameskip-v0
814,VideoPinball-ramNoFrameskip-v4
815,VideoPinball-v0
816,VideoPinball-v4
817,VideoPinballDeterministic-v0
818,VideoPinballDeterministic-v4
819,VideoPinballNoFrameskip-v0
820,VideoPinballNoFrameskip-v4
821,Walker2d-v2
822,Walker2d-v3
823,WizardOfWor-ram-v0
824,WizardOfWor-ram-v4
825,WizardOfWor-ramDeterministic-v0
826,WizardOfWor-ramDeterministic-v4
827,WizardOfWor-ramNoFrameskip-v0
828,WizardOfWor-ramNoFrameskip-v4
829,WizardOfWor-v0
830,WizardOfWor-v4
831,WizardOfWorDeterministic-v0
832,WizardOfWorDeterministic-v4
833,WizardOfWorNoFrameskip-v0
834,WizardOfWorNoFrameskip-v4
835,YarsRevenge-ram-v0
836,YarsRevenge-ram-v4
837,YarsRevenge-ramDeterministic-v0
838,YarsRevenge-ramDeterministic-v4
839,YarsRevenge-ramNoFrameskip-v0
840,YarsRevenge-ramNoFrameskip-v4
841,YarsRevenge-v0
842,YarsRevenge-v4
843,YarsRevengeDeterministic-v0
844,YarsRevengeDeterministic-v4
845,YarsRevengeNoFrameskip-v0
846,YarsRevengeNoFrameskip-v4
847,Zaxxon-ram-v0
848,Zaxxon-ram-v4
849,Zaxxon-ramDeterministic-v0
850,Zaxxon-ramDeterministic-v4
851,Zaxxon-ramNoFrameskip-v0
852,Zaxxon-ramNoFrameskip-v4
853,Zaxxon-v0
854,Zaxxon-v4
855,ZaxxonDeterministic-v0
856,ZaxxonDeterministic-v4
857,ZaxxonNoFrameskip-v0
858,ZaxxonNoFrameskip-v4
