{
    "clip_reward":true,
    "episodic_life":true,
    "name_frmes_to_stack":4,
    "normalize_observation":false,
    "render":false,
    "skip_rate":4,
    "type":"Atari",
    "useful_region":{
        "Asteroids":{
            "crop1":16,
            "crop2":35,
            "dimension2":94
        },
        "BeamRider":{
            "crop1":20,
            "crop2":20,
            "dimension2":80
        },
        "Boxing":{
            "crop1":30,
            "crop2":30,
            "dimension2":80
        },
        "Breakout":{
            "crop1":34,
            "crop2":34,
            "dimension2":80
        },
        "Centipede":{
            "crop1":36,
            "crop2":56,
            "dimension2":90
        },
        "Default":{
            "crop1":34,
            "crop2":34,
            "dimension":8
        },
        "MsPacman":{
            "crop1":2,
            "crop2":10,
            "dimension2":84
        },
        "Pong":{
            "crop1":34,
            "crop2":34,
            "dimension2":80
        },
        "Qbert":{
            "crop1":12,
            "crop2":40,
            "dimension2":94
        },
        "Seaquest":{
            "crop1":30,
            "crop2":30,
            "dimension2":80
        },
        "SpaceInvaders":{
            "crop1":8,
            "crop2":36,
            "dimension2":94
        },
        "VideoPinball":{
            "crop1":42,
            "crop2":60,
            "dimension2":89
        }
    }
}
